id,first_name,last_name,email,phone,birth_date,membership
1,Mishon,Downham,mishon@gmail.com,481-279-5236,2022-05-05,G
2,Biprajit,Downham,mishon1@gmail.com,481-279-5236,2022-05-05,G
3,Karmakar,Downham,mishon2@gmail.com,481-279-5236,2022-05-05,G
4,Hossain,Downham,mishon3@gmail.com,481-279-5236,2022-05-05,G
5,Eakub,Downham,mishon@gmail.com,481-279-5236,2022-05-05,G
6,Melba,Downham,mishon@gmail.com,481-279-5236,2022-05-05,G
7,Ricki,Collard,mishon@gmail.com,544-854-4351,2022-07-10,B
8,Dru,Burkert,druburkertlivelong@gmail.com,225-867-6780,2022-02-06,G
9,Mag,Wallage,magwallage1971@gmail.com,222-123-3634,2022-06-22,G
10,Woody,Longshaw,woodylongofficial@gmail.com,146-637-0222,2022-09-05,G
11,Miran,Corona,mirancoran2020@gmail.com,412-115-1186,2022-01-24,G
12,Euell,Talbot,euelltalbot@gmail.com,310-386-7348,2022-10-24,G
13,Lory,Leyband,loryleyband@gmail.com,344-549-0467,2021-12-24,B
14,Nessa,Ferney,nessaferney@gmail.com,298-186-4266,2022-06-10,G
15,Ken,Southwood,kensouthwood@gmail.com,239-596-3073,2022-04-02,S
16,Guido,Chatfield,guidochat@gmail.com,517-441-8594,2022-06-09,S
17,Menard,Howitt,menardhowitt@gmail.com,157-688-0878,2022-08-22,B
18,Rheta,Tagg,rhetataggishere@gmail.com,585-635-4113,2022-04-13,G
19,Fergus,Dugald,fergusdugald@gmail.com,863-423-5684,2022-08-10,G
20,Lynn,Jagoe,lynnjagoe@gmail.com,535-693-3858,2022-04-02,B
21,Cobb,Bagguley,bagguleycobb@gmail.com,239-204-7264,2022-04-08,B
22,Bertram,Marner,bertrammarner1999@gmail.com,442-580-7344,2022-04-03,B
23,Cindra,Neicho,cindraneicho@gmail.com,112-643-1165,2022-06-20,G
24,Averyl,Tilley,averyltilley2001@gmail.com,550-886-6938,2022-10-01,G
25,Pen,Mueller,penmullerofficial@gmail.com,521-807-5574,2022-02-07,G
26,Vincenz,Bexon,vincenzbexoniswhere@gmail.com,186-331-6819,2022-09-08,G
27,Hedi,Schreiner,hedischreiner1986@gmail.com,920-844-0356,2022-04-08,B
28,Wilie,Colvill,wiliecolvill@gmail.com,682-347-4374,2022-11-11,G
29,Delmar,Jertz,delmarjertz123@gmail.com,364-136-3493,2022-05-27,S
30,Alika,Semken,alika56@gmail.com,568-753-5378,2022-05-06,B
31,Connie,Fosh,connie9090@gmail.com,722-201-4135,2022-01-08,B
32,Bunni,Lavers,bunni6969@gmail.com,808-960-8901,2022-08-06,G
33,Liva,Harrhy,livaharrhy78@gmail.com,295-376-5726,2022-08-20,B
34,Huntington,Splevin,huntington89@gmail.com,948-421-4863,2022-10-04,B
35,Luce,McKernan,luce78787@gmail.com,111-884-5880,2022-06-28,S
36,Beatrice,Kubatsch,beatrice676@gmail.com,923-539-4802,2021-12-23,B
37,Morgen,Kemmer,morgan4556@gmail.com,223-383-4192,2022-01-05,G
38,Sheelah,Jancic,sheelah43434@gmail.com,943-543-3574,2022-02-12,G
39,Sherri,Coppin,sherri4545@gmail.com,667-237-3890,2022-01-02,S
40,Siobhan,Pariso,siobhan434@gmail.com,692-781-8345,2021-12-20,B
41,Moll,O'Hingerty,mollhin09@gmail.com,566-496-2886,2022-05-22,G
42,Inigo,Montez,inigo67876@gmail.com,476-936-0546,2022-11-05,B
43,Kristal,Licari,kristal56@gmail.com,324-400-1355,2022-02-09,S
44,Marsha,Isakov,marsha2435456@gmail.com,150-774-7346,2022-06-19,B
45,Bianca,Skews,bianca3456@gmail.com,861-544-9693,2021-12-15,G
46,Nanni,Kestell,nanni9090@gmail.com,991-679-4256,2022-06-05,G
47,Rutger,Gammet,rutger5678@gmail.com,110-499-2518,2022-06-05,G
48,Ernestine,Praundlin,ernestine2123@gmail.com,965-259-5972,2022-08-31,B
49,Estevan,Becaris,estevan398@gmail.com,996-400-3598,2022-05-20,S
50,Meggy,Cumesky,meggy1984@gmail.com,323-623-7999,2022-09-26,G
